hb_W_m2K,temps_h,temperature_non_regulee_C
10,0.0,20.0
10,0.25,20.119761707829607
10,0.5,20.238803767089294
10,0.75,20.35713050215013
10,1.0,20.474746211398017
10,1.25,20.591655167389842
10,1.5,20.707861617008678
10,1.75,20.823369781618066
10,2.0,20.93818385721535
10,2.25,21.052308014584113
10,2.5,21.16574639944569
10,2.75,21.27850313260975
10,3.0,21.390582310124003
10,3.25,21.501988003422998
10,3.5,21.612724259476014
10,3.75,21.72279510093407
10,4.0,21.832204526276072
10,4.25,21.940956509954034
10,4.5,22.049055002537493
10,4.75,22.156503930856985
10,5.0,22.263307198146702
10,5.25,22.369468684186295
10,5.5,22.474992245441804
10,5.75,22.579881715205747
10,6.0,22.684140903736374
10,6.25,22.787773598396072
10,6.5,22.89078356378896
10,6.75,22.99317454189763
10,7.0,23.094950252219096
10,7.25,23.19611439189989
10,7.5,23.296670635870377
10,7.75,23.39662263697826
10,8.0,23.495974026121253
10,8.25,23.594728412379002
10,8.5,23.692889383144173
10,8.75,23.790460504252778
10,9.0,23.887445320113706
10,9.25,23.983847353837483
10,9.5,24.07967010736424
10,9.75,24.174917061590946
10,10.0,24.269591676497846
10,10.25,24.363697391274144
10,10.5,24.45723762444294
10,10.75,24.550215773985432
10,11.0,24.642635217464317
10,11.25,24.734499312146518
10,11.5,24.825811395125122
10,11.75,24.91657478344061
10,12.0,25.00679277420135
10,12.25,25.096468644703386
10,12.5,25.185605652549462
10,12.75,25.274207035767382
10,13.0,25.36227601292763
10,13.25,25.44981578326029
10,13.5,25.536829526771246
10,13.75,25.623320404357735
10,14.0,25.709291557923123
10,14.25,25.794746110491094
10,14.5,25.87968716631905
10,14.75,25.964117811010915
10,15.0,26.048041111629196
10,15.25,26.13146011680641
10,15.5,26.214377856855833
10,15.75,26.29679734388157
10,16.0,26.37872157188799
10,16.25,26.460153516888475
10,16.5,26.541096137013525
10,16.75,26.621552372618225
10,17.0,26.701525146389066
10,17.25,26.781017363450093
10,17.5,26.860031911468447
10,17.75,26.93857166075927
10,18.0,27.01663946438997
10,18.25,27.094238158283865
10,18.5,27.171370561323197
10,18.75,27.24803947545152
10,19.0,27.324247685775525
10,19.25,27.399997960666155
10,19.5,27.47529305185923
10,19.75,27.550135694555355
10,20.0,27.624528607519323
10,20.25,27.69847449317885
10,20.5,27.771976037722748
10,20.75,27.845035911198522
10,21.0,27.917656767609337
10,21.25,27.98984124501046
10,21.5,28.061591965605054
10,21.75,28.13291153583947
10,22.0,28.203802546497904
10,22.25,28.274267572796518
10,22.5,28.344309174476997
10,22.75,28.41392989589952
10,23.0,28.483132266135208
10,23.25,28.551918799057976
10,23.5,28.62029199343585
10,23.75,28.688254333021767
10,24.0,28.755808286643777
10,24.25,28.822956308294728
10,24.5,28.889700837221422
10,24.75,28.95604429801321
10,25.0,29.021989100690085
10,25.25,29.087537640790217
10,25.5,29.152692299456973
10,25.75,29.217455443525424
10,26.0,29.281829425608326
10,26.25,29.345816584181556
10,26.5,29.40941924366911
10,26.75,29.47263971452748
10,27.0,29.53548029332965
10,27.25,29.597943262848446
10,27.5,29.66003089213954
10,27.75,29.721745436623827
10,28.0,29.78308913816936
10,28.25,29.844064225172808
10,28.5,29.904672912640393
10,28.75,29.964917402268362
10,29.0,30.024799882522952
10,29.25,30.084322528719902
10,29.5,30.143487503103465
10,29.75,30.202296954924968
10,30.0,30.26075302052087
10,30.25,30.318857823390385
10,30.5,30.37661347427261
10,30.75,30.43402207122319
10,31.0,30.49108569969056
10,31.25,30.54780643259169
10,31.5,30.604186330387364
10,31.75,30.66022744115707
10,32.0,30.71593180067336
10,32.25,30.77130143247584
10,32.5,30.82633834794465
10,32.75,30.88104454637353
10,33.0,30.93542201504247
10,33.25,30.98947272928988
10,33.5,31.04319865258435
10,33.75,31.096601736595993
10,34.0,31.14968392126731
10,34.25,31.202447134883702
10,34.5,31.25489329414347
10,34.75,31.30702430422749
10,35.0,31.358842058868387
10,35.25,31.41034844041934
10,35.5,31.461545319922465
10,35.75,31.51243455717677
10,36.0,31.563018000805734
10,36.25,31.61329748832445
10,36.5,31.663274846206363
10,36.75,31.712951889949643
10,37.0,31.76233042414312
10,37.25,31.811412242531848
10,37.5,31.86019912808225
10,37.75,31.908692853046915
10,38.0,31.956895179028933
10,38.25,32.00480785704594
10,38.5,32.05243262759368
10,38.75,32.09977122070926
10,39.0,32.14682535603399
10,39.25,32.193596742875854
10,39.5,32.24008708027158
10,39.75,32.286298057048384
10,40.0,32.33223135188532
10,40.25,32.377888633374255
10,40.5,32.423271560080465
10,40.75,32.46838178060291
10,41.0,32.51322093363412
10,41.25,32.55779064801971
10,41.5,32.60209254281755
10,41.75,32.646128227356584
10,42.0,32.6898993012953
10,42.25,32.73340735467983
10,42.5,32.77665396800171
10,42.75,32.81964071225529
10,43.0,32.86236914899483
10,43.25,32.90484083039118
10,43.5,32.9470572992882
10,43.75,32.989020089258794
10,44.0,33.030730724660636
10,44.25,33.072190720691495
10,44.5,33.113401583444336
10,44.75,33.154364809962004
10,45.0,33.1950818882916
10,45.25,33.23555429753854
10,45.5,33.275783507920316
10,45.75,33.31577098081984
10,46.0,33.35551816883859
10,46.25,33.39502651584936
10,46.5,33.43429745704869
10,46.75,33.47333241900904
10,47.0,33.51213281973056
10,47.25,33.55070006869267
10,47.5,33.58903556690519
10,47.75,33.62714070695928
10,48.0,33.66501687307802
10,48.25,33.70266544116667
10,48.5,33.7400877788627
10,48.75,33.777285245585404
10,49.0,33.814259192585354
10,49.25,33.85101096299341
10,49.5,33.88754189186962
10,49.75,33.92385330625158
10,50.0,33.95994652520275
10,50.25,33.99582285986033
10,50.5,34.03148361348289
10,50.75,34.0669300814977
10,51.0,34.102163551547825
10,51.25,34.13718530353886
10,51.5,34.17199660968544
10,51.75,34.20659873455749
10,52.0,34.24099293512609
10,52.25,34.27518046080918
10,52.5,34.30916255351697
10,52.75,34.34294044769701
10,53.0,34.37651537037905
10,53.25,34.40988854121961
10,53.5,34.443061172546294
10,53.75,34.476034469401824
10,54.0,34.508809629587816
10,54.25,34.541387843708286
10,54.5,34.57377029521292
10,54.75,34.60595816044003
10,55.0,34.63795260865933
10,55.25,34.66975480211437
10,55.5,34.70136589606477
10,55.75,34.73278703882821
10,56.0,34.76401937182211
10,56.25,34.795064029605115
10,56.5,34.8259221399183
10,56.75,34.85659482372613
10,57.0,34.88708319525721
10,57.25,34.91738836204473
10,57.5,34.947511424966706
10,57.75,34.97745347828598
10,58.0,35.00721560968996
10,58.25,35.03679890033013
10,58.5,35.066204424861354
10,58.75,35.09543325148086
10,59.0,35.12448644196709
10,59.25,35.153365051718275
10,59.5,35.1820701297907
10,59.75,35.21060271893693
10,60.0,35.23896385564358
20,0.0,20.0
20,0.25,20.19367075083811
20,0.5,20.385605523142722
20,0.75,20.575819877453853
20,1.0,20.76432923483376
20,1.25,20.95114887811714
20,1.5,21.136293953150172
20,1.75,21.31977947001838
20,2.0,21.501620304263568
20,2.25,21.681831198089785
20,2.5,21.86042676155852
20,2.75,22.03742147377317
20,3.0,22.21282968405287
20,3.25,22.386665613095843
20,3.5,22.5589433541323
20,3.75,22.729676874066993
20,4.0,22.89888001461155
20,4.25,23.06656649340664
20,4.5,23.23274990513411
20,4.75,23.397443722619116
20,5.0,23.560661297922394
20,5.25,23.722415863422746
20,5.5,23.882720532889813
20,5.75,24.04158830254723
20,6.0,24.199032052126253
20,6.25,24.355064545909965
20,6.5,24.509698433768083
20,6.75,24.66294625218251
20,7.0,24.814820425263704
20,7.25,24.965333265757913
20,7.5,25.1144969760454
20,7.75,25.262323649129723
20,8.0,25.408825269618116
20,8.25,25.554013714693138
20,8.5,25.697900755075544
20,8.75,25.840498055978596
20,9.0,25.98181717805376
20,9.25,26.12186957832796
20,9.5,26.26066661113243
20,9.75,26.398219529023216
20,10.0,26.534539483693457
20,10.25,26.669637526877473
20,10.5,26.80352461124675
20,10.75,26.936211591297884
20,11.0,27.06770922423261
20,11.25,27.198028170829858
20,11.5,27.3271789963101
20,11.75,27.45517217119185
20,12.0,27.582018072140563
20,12.25,27.707726982809866
20,12.5,27.832309094675285
20,12.75,27.955774507860493
20,13.0,28.078133231956144
20,13.25,28.199395186831367
20,13.5,28.319570203437998
20,13.75,28.43866802460758
20,14.0,28.55669830584126
20,14.25,28.673670616092544
20,14.5,28.789594438543112
20,14.75,28.904479171371598
20,15.0,29.01833412851557
20,15.25,29.13116854042656
20,15.5,29.242991554818467
20,15.75,29.35381223740913
20,16.0,29.46363957265533
20,16.25,29.57248246448117
20,16.5,29.680349736999936
20,16.75,29.787250135229478
20,17.0,29.893192325801202
20,17.25,29.998184897662675
20,17.5,30.102236362773954
20,17.75,30.20535515679768
20,18.0,30.30754963978295
20,18.25,30.408828096843102
20,18.5,30.509198738827404
20,18.75,30.608669702986717
20,19.0,30.7072490536332
20,19.25,30.804944782794102
20,19.5,30.901764810859703
20,19.75,30.99771698722541
20,20.0,31.09280909092814
20,20.25,31.18704883127699
20,20.5,31.280443848478228
20,20.75,31.373001714254713
20,21.0,31.464729932459747
20,21.25,31.555635939685423
20,21.5,31.64572710586552
20,21.75,31.73501073487303
20,22.0,31.823494065112236
20,22.25,31.911184270105625
20,22.5,31.998088459075383
20,22.75,32.084213677519806
20,23.0,32.16956690778447
20,23.25,32.254155069628304
20,23.5,32.3379850207846
20,23.75,32.42106355751698
20,24.0,32.50339741517036
20,24.25,32.58499326871704
20,24.5,32.66585773329783
20,24.75,32.74599736475835
20,25.0,32.82541866018053
20,25.25,32.90412805840937
20,25.5,32.98213194057489
20,25.75,33.059436630609525
20,26.0,33.13604839576079
20,26.25,33.211973447099346
20,26.5,33.287217940022614
20,26.75,33.36178797475375
20,27.0,33.43568959683623
20,27.25,33.50892879762395
20,27.5,33.581511514767
20,27.75,33.653443632692984
20,28.0,33.72473098308413
20,28.25,33.79537934535004
20,28.5,33.86539444709629
20,28.75,33.93478196458872
20,29.0,34.00354752321364
20,29.25,34.07169669793392
20,29.5,34.13923501374092
20,29.75,34.206167946102454
20,30.0,34.27250092140666
20,30.25,34.33823931740194
20,30.5,34.40338846363297
20,30.75,34.46795364187274
20,31.0,34.531940086550776
20,31.25,34.59535298517751
20,31.5,34.65819747876483
20,31.75,34.72047866224289
20,32.0,34.782201584873135
20,32.25,34.8433712506577
20,32.5,34.903992618745036
20,32.75,34.96407060383202
20,33.0,35.02361007656236
20,33.25,35.08261586392149
20,33.5,35.14109274962786
20,33.75,35.19904547452082
20,34.0,35.256478736944956
20,34.25,35.31339719313094
20,34.5,35.3698054575731
20,34.75,35.425708103403466
20,35.0,35.481109662762556
20,35.25,35.536014627166786
20,35.5,35.59042744787262
20,35.75,35.64435253623745
20,36.0,35.69779426407719
20,36.25,35.75075696402076
20,36.5,35.80324492986132
20,36.75,35.85526241690438
20,37.0,35.90681364231277
20,37.25,35.95790278544855
20,37.5,36.00853398821185
20,37.75,36.05871135537663
20,38.0,36.108438954923486
20,38.25,36.157720818369455
20,38.5,36.20656094109482
20,38.75,36.25496328266709
20,39.0,36.30293176716194
20,39.25,36.35047028348137
20,39.5,36.39758268566903
20,39.75,36.444272793222595
20,40.0,36.490544391403475
20,40.25,36.53640123154369
20,40.5,36.58184703134997
20,40.75,36.62688547520519
20,41.0,36.67152021446704
20,41.25,36.71575486776406
20,41.5,36.759593021289035
20,41.75,36.80303822908969
20,42.0,36.84609401335685
20,42.25,36.88876386470999
20,42.5,36.93105124248024
20,42.75,36.97295957499078
20,43.0,37.014492259834874
20,43.25,37.05565266415123
20,43.5,37.09644412489705
20,43.75,37.13686994911852
20,44.0,37.17693341421894
20,44.25,37.21663776822441
20,44.5,37.255986230047185
20,44.75,37.29498198974662
20,45.0,37.333628208787786
20,45.25,37.37192802029778
20,45.5,37.40988452931977
20,45.75,37.44750081306466
20,46.0,37.48477992116063
20,46.25,37.52172487590033
20,46.5,37.558338672485945
20,46.75,37.59462427927198
20,47.0,37.63058463800593
20,47.25,37.66622266406678
20,47.5,37.701541246701346
20,47.75,37.73654324925853
20,48.0,37.77123150942144
20,48.25,37.80560883943746
20,48.5,37.83967802634623
20,48.75,37.8734418322056
20,49.0,37.90690299431559
20,49.25,37.94006422544024
20,49.5,37.972928214027604
20,49.75,38.00549762442768
20,50.0,38.03777509710842
20,50.25,38.069763248869776
20,50.5,38.10146467305589
20,50.75,38.1328819397653
20,51.0,38.16401759605934
20,51.25,38.19487416616861
20,51.5,38.22545415169763
20,51.75,38.255760031827656
20,52.0,38.28579426351765
20,52.25,38.31555928170349
20,52.5,38.34505749949539
20,52.75,38.37429130837349
20,53.0,38.403263078381784
20,53.25,38.431975158320235
20,53.5,38.460429875935205
20,53.75,38.488629538108185
20,54.0,38.516576431042786
20,54.25,38.54427282045013
20,54.5,38.571720951732495
20,54.75,38.598923050165375
20,55.0,38.62588132107788
20,55.25,38.652597950031534
20,55.5,38.67907510299746
20,55.75,38.705314926531976
20,56.0,38.731319547950626
20,56.25,38.75709107550064
20,56.5,38.78263159853186
20,56.75,38.80794318766612
20,57.0,38.83302789496512
20,57.25,38.857887754096794
20,57.5,38.88252478050019
20,57.75,38.906940971548835
20,58.0,38.9311383067127
20,58.25,38.95511874771867
20,58.5,38.978884238709576
20,58.75,39.00243670640182
20,59.0,39.025778060241564
20,59.25,39.04891019255956
20,59.5,39.071834978724546
20,59.75,39.09455427729527
20,60.0,39.117069930171205
30,0.0,20.0
30,0.25,20.242165602981302
30,0.5,20.48169107757252
30,0.75,20.718605206878394
30,1.0,20.952936460205628
30,1.25,21.184712996483956
30,1.5,21.41396266764994
30,1.75,21.64071302199383
30,2.0,21.86499130746999
30,2.25,22.086824474971188
30,2.5,22.306239181567236
30,2.75,22.52326179370827
30,3.0,22.73791839039314
30,3.25,22.95023476630326
30,3.5,23.16023643490227
30,3.75,23.367948631501918
30,4.0,23.573396316294524
30,4.25,23.776604177352375
30,4.5,23.97759663359442
30,4.75,24.17639783772062
30,5.0,24.37303167911431
30,5.25,24.567521786712927
30,5.5,24.759891531847426
30,5.75,24.950164031050747
30,6.0,25.138362148835668
30,6.25,25.324508500442374
30,6.5,25.50862545455605
30,6.75,25.69073513599488
30,7.0,25.870859428368718
30,7.25,26.04901997670878
30,7.5,26.225238190068666
30,7.75,26.399535244097024
30,8.0,26.57193208358218
30,8.25,26.742449424968996
30,8.5,26.911107758848328
30,8.75,27.0779273524193
30,9.0,27.242928251924774
30,9.25,27.40613028506025
30,9.5,27.56755306335649
30,9.75,27.727215984536187
30,10.0,27.88513823484496
30,10.25,28.04133879135687
30,10.5,28.195836424254864
30,10.75,28.348649699086337
30,11.0,28.4997969789941
30,11.25,28.649296426923016
30,11.5,28.79716600780261
30,11.75,28.943423490705833
30,12.0,29.088086450984374
30,12.25,29.23117227238058
30,12.5,29.37269814911645
30,12.75,29.512681087959812
30,13.0,29.651137910267966
30,13.25,29.78808525400907
30,13.5,29.923539575761474
30,13.75,30.05751715269126
30,14.0,30.19003408450823
30,14.25,30.32110629540055
30,14.5,30.45074953594833
30,14.75,30.57897938501631
30,15.0,30.705811251625956
30,15.25,30.831260376807084
30,15.5,30.95534183542936
30,15.75,31.078070538013783
30,16.0,31.19946123252447
30,16.25,31.319528506140834
30,16.5,31.438286787010533
30,16.75,31.555750345983228
30,17.0,31.67193329832547
30,17.25,31.78684960541691
30,17.5,31.900513076428002
30,17.75,32.012937369979376
30,18.0,32.124135995783206
30,18.25,32.23412231626658
30,18.5,32.34290954817728
30,18.75,32.45051076417198
30,19.0,32.556938894387116
30,19.25,32.66220672799271
30,19.5,32.76632691472921
30,19.75,32.869311966427546
30,20.0,32.97117425851263
30,20.25,33.07192603149054
30,20.5,33.17157939241935
30,20.75,33.27014631636406
30,21.0,33.367638647835584
30,21.25,33.46406810221405
30,21.5,33.55944626715665
30,21.75,33.65378460399006
30,22.0,33.74709444908772
30,22.25,33.83938701523212
30,22.5,33.930673392962184
30,22.75,34.020964551905976
30,23.0,34.11027134209894
30,23.25,34.19860449528767
30,23.5,34.28597462621953
30,23.75,34.3723922339182
30,24.0,34.457867702945315
30,24.25,34.54241130464835
30,24.5,34.62603319839489
30,24.75,34.708743432793476
30,25.0,34.79055194690107
30,25.25,34.871468571417466
30,25.5,34.951503029866565
30,25.75,35.030664939764854
30,26.0,35.108963813777116
30,26.25,35.18640906085951
30,26.5,35.26300998739026
30,26.75,35.33877579828794
30,27.0,35.413715598117626
30,27.25,35.48783839218497
30,27.5,35.561153087618315
30,27.75,35.63366849443907
30,28.0,35.70539332662037
30,28.25,35.77633620313421
30,28.5,35.84650564898715
30,28.75,35.91591009624479
30,29.0,35.98455788504496
30,29.25,36.05245726459997
30,29.5,36.11961639418792
30,29.75,36.18604334413312
30,30.0,36.25174609677589
30,30.25,36.31673254743183
30,30.5,36.38101050534051
30,30.75,36.44458769460393
30,31.0,36.507471755114665
30,31.25,36.569670243473965
30,31.5,36.631190633899806
30,31.75,36.69204031912502
30,32.0,36.75222661128568
30,32.25,36.81175674279977
30,32.5,36.87063786723631
30,32.75,36.92887706017494
30,33.0,36.986481320056185
30,33.25,37.04345756902246
30,33.5,37.099812653749865
30,33.75,37.155553346270935
30,34.0,37.21068634478841
30,34.25,37.26521827448015
30,34.5,37.31915568829527
30,34.75,37.37250506774156
30,35.0,37.42527282366437
30,35.25,37.477465297017005
30,35.5,37.52908875962265
30,35.75,37.58014941492807
30,36.0,37.630653398749075
30,36.25,37.68060678000779
30,36.5,37.730015561462004
30,36.75,37.778885680426455
30,37.0,37.82722300948632
30,37.25,37.87503335720292
30,37.5,37.9223224688117
30,37.75,37.96909602691262
30,38.0,38.015359652153016
30,38.25,38.061118903903036
30,38.5,38.10637928092366
30,38.75,38.15114622202752
30,39.0,38.19542510673241
30,39.25,38.23922125590776
30,39.5,38.282539932414025
30,39.75,38.325386341735125
30,40.0,38.36776563260394
30,40.25,38.40968289762103
30,40.5,38.451143173866626
30,40.75,38.492151443505875
30,41.0,38.532712634387565
30,41.25,38.5728316206363
30,41.5,38.61251322323817
30,41.75,38.651762210620106
30,42.0,38.69058329922289
30,42.25,38.728981154067895
30,42.5,38.76696038931768
30,42.75,38.80452556883048
30,43.0,38.841681206708586
30,43.25,38.878431767840844
30,43.5,38.91478166843913
30,43.75,38.95073527656912
30,44.0,38.98629691267507
30,44.25,39.02147085009911
30,44.5,39.056261315594675
30,44.75,39.090672489834475
30,45.0,39.12470850791283
30,45.25,39.15837345984262
30,45.5,39.19167139104673
30,45.75,39.2246063028442
30,46.0,39.257182152931044
30,46.25,39.28940285585583
30,46.5,39.32127228349011
30,46.75,39.352794265493635
30,47.0,39.383972589774615
30,47.25,39.41481100294487
30,47.5,39.445313210770045
30,47.75,39.47548287861495
30,48.0,39.50532363188397
30,48.25,39.53483905645677
30,48.5,39.56403269911917
30,48.75,39.59290806798936
30,49.0,39.62146863293947
30,49.25,39.64971782601251
30,49.5,39.677659041834815
30,49.75,39.70529563802395
30,50.0,39.7326309355922
30,50.25,39.759668219345635
30,50.5,39.78641073827884
30,50.75,39.81286170596535
30,51.0,39.83902430094377
30,51.25,39.864901667099815
30,51.5,39.89049691404401
30,51.75,39.91581311748542
30,52.0,39.940853319601246
30,52.25,39.96562052940237
30,52.5,39.990117723094954
30,52.75,40.01434784443808
30,53.0,40.0383138050975
30,53.25,40.06201848499553
30,53.5,40.085464732657066
30,53.75,40.108655365551975
30,54.0,40.13159317043359
30,54.25,40.154280903673616
30,54.5,40.176721291593346
30,54.75,40.198917030791286
30,55.0,40.22087078846718
30,55.25,40.242585202742546
30,55.5,40.26406288297767
30,55.75,40.28530641008516
30,56.0,40.30631833684012
30,56.25,40.32710118818687
30,56.5,40.3476574615424
30,56.75,40.367989627096435
30,57.0,40.38810012810831
30,57.25,40.40799138120056
30,57.5,40.42766577664929
30,57.75,40.44712567867145
30,58.0,40.4663734257089
30,58.25,40.48541133070944
30,58.5,40.50424168140474
30,58.75,40.52286674058525
30,59.0,40.54128874637212
30,59.25,40.55950991248613
30,59.5,40.57753242851372
30,59.75,40.59535846017013
30,60.0,40.6129901495596
50,0.0,20.0
50,0.25,20.29954001778023
50,0.5,20.59512738627526
50,0.75,20.886814263578966
50,1.0,21.174652119521113
50,1.25,21.458691744749455
50,1.5,21.738983259692073
50,1.75,22.01557612340138
50,2.0,22.288519142281487
50,2.25,22.557860478700352
50,2.5,22.823647659488316
50,2.75,23.08592758432449
50,3.0,23.344746534012472
50,3.25,23.600150178646842
50,3.5,23.852183585671945
50,3.75,24.100891227834282
50,4.0,24.346316991029983
50,4.25,24.58850418204873
50,4.5,24.82749553621549
50,4.75,25.06333322493141
50,5.0,25.296058863115192
50,5.25,25.52571351654631
50,5.5,25.75233770911128
50,5.75,25.975971429954335
50,6.0,26.196654140533752
50,6.25,26.41442478158506
50,6.5,26.629321779992317
50,6.75,26.841383055568812
50,7.0,27.050646027748186
50,7.25,27.257147622187333
50,7.5,27.46092427728214
50,7.75,27.66201195059724
50,8.0,27.86044612521096
50,8.25,28.056261815976477
50,8.5,28.249493575700413
50,8.75,28.440175501239878
50,9.0,28.628341239519063
50,9.25,28.814023993466392
50,9.5,28.997256527873432
50,9.75,29.17807117517637
50,10.0,29.356499841161316
50,10.25,29.532574010594203
50,10.5,29.706324752776503
50,10.75,29.877782727027558
50,11.0,30.0469781880946
50,11.25,30.21394099149138
50,11.5,30.378700598766343
50,11.75,30.541286082701287
50,12.0,30.701726132441415
50,12.25,30.86004905855772
50,12.5,31.01628279804252
50,12.75,31.170454919239134
50,13.0,31.322592626706452
50,13.25,31.47272276601933
50,13.5,31.620871828505685
50,13.75,31.767065955920984
50,14.0,31.911330945061167
50,14.25,32.0536922523146
50,14.5,32.19417499815401
50,14.75,32.332803971569156
50,15.0,32.46960363444096
50,15.25,32.604598125857954
50,15.5,32.7378112663758
50,15.75,32.8692665622205
50,16.0,32.99898720943625
50,16.25,33.12699609797851
50,16.5,33.25331581575305
50,16.75,33.37796865260172
50,17.0,33.50097660423567
50,17.25,33.622361376116515
50,17.5,33.742144387286515
50,17.75,33.86034677414798
50,18.0,33.97698939419297
50,18.25,34.09209282968372
50,18.5,34.20567739128447
50,18.75,34.31776312164541
50,19.0,34.42836979893933
50,19.25,34.53751694035158
50,19.5,34.64522380552401
50,19.75,34.75150939995341
50,20.0,34.856392478345185
50,20.25,34.95989154792268
50,20.5,35.062024871692934
50,20.75,35.16281047166926
50,21.0,35.262266132051344
50,21.25,35.36040940236337
50,21.5,35.45725760055074
50,21.75,35.552827816035915
50,22.0,35.64713691273394
50,22.25,35.740201532028195
50,22.5,35.83203809570686
50,22.75,35.9226628088606
50,23.0,36.0120916627421
50,23.25,36.10034043758778
50,23.5,36.18742470540232
50,23.75,36.27335983270641
50,24.0,36.358160983248304
50,24.25,36.4418431206795
50,24.5,36.5244210111952
50,24.75,36.605909226139865
50,25.0,36.68632214457844
50,25.25,36.7656739558336
50,25.5,36.84397866198954
50,25.75,36.92125008036273
50,26.0,36.99750184594007
50,26.25,37.07274741378484
50,26.5,37.14700006141093
50,26.75,37.220272891125745
50,27.0,37.29257883234218
50,27.25,37.36393064386007
50,27.5,37.43434091611759
50,27.75,37.50382207341286
50,28.0,37.57238637609634
50,28.25,37.640045922734195
50,28.5,37.70681265224319
50,28.75,37.772698345997334
50,29.0,37.83771462990684
50,29.25,37.90187297646953
50,29.5,37.96518470679521
50,29.75,38.027660992603444
50,30.0,38.08931285819472
50,30.25,38.150151182395874
50,30.5,38.21018670047968
50,30.75,38.269430006059125
50,31.0,38.32789155295675
50,31.25,38.38558165704927
50,31.5,38.44251049808788
50,31.75,38.49868812149451
50,32.0,38.55412444013443
50,32.25,38.60882923606539
50,32.5,38.66281216226376
50,32.75,38.71608274432785
50,33.0,38.76865038215871
50,33.25,38.82052435161885
50,33.5,38.87171380616901
50,33.75,38.922227778483325
50,34.0,38.97207518204318
50,34.25,39.02126481271008
50,34.5,39.06980535027771
50,34.75,39.11770536000355
50,35.0,39.16497329412024
50,35.25,39.211617493327026
50,35.5,39.25764618826157
50,35.75,39.303067500952224
50,36.0,39.34788944625127
50,36.25,39.392119933249155
50,36.5,39.435766766670085
50,36.75,39.478837648249254
50,37.0,39.52134017809182
50,37.25,39.56328185601401
50,37.5,39.60467008286649
50,37.75,39.645512161840315
50,38.0,39.68581529975558
50,38.25,39.725586608333145
50,38.5,39.764833105449505
50,38.75,39.80356171637515
50,39.0,39.841779274996576
50,39.25,39.87949252502215
50,39.5,39.91670812117209
50,39.75,39.953432630352715
50,40.0,39.98967253281522
50,40.25,40.02543422329915
50,40.5,40.0607240121608
50,40.75,40.0955481264867
50,41.0,40.12991271119241
50,41.25,40.163823830106885
50,41.5,40.19728746704238
50,41.75,40.230309526850405
50,42.0,40.26289583646364
50,42.25,40.295052145924124
50,42.5,40.32678412939789
50,42.75,40.35809738617623
50,43.0,40.38899744166367
50,43.25,40.419489748353
50,43.5,40.44957968678739
50,43.75,40.4792725665098
50,44.0,40.50857362699991
50,44.25,40.537488038598624
50,44.5,40.566020903420444
50,44.75,40.594177256253715
50,45.0,40.62196206544909
50,45.25,40.64938023379621
50,45.5,40.67643659938882
50,45.75,40.70313593647849
50,46.0,40.72948295631704
50,46.25,40.7554823079879
50,46.5,40.781138579226436
50,46.75,40.80645629722951
50,47.0,40.83143992945429
50,47.25,40.85609388440661
50,47.5,40.88042251241884
50,47.75,40.90443010641753
50,48.0,40.92812090268094
50,48.25,40.95149908158654
50,48.5,40.97456876834867
50,48.75,40.99733403374645
50,49.0,41.0197988948421
50,49.25,41.04196731568976
50,49.5,41.063843208034996
50,49.75,41.085430432005026
50,50.0,41.10673279678987
50,50.25,41.12775406131451
50,50.5,41.14849793490217
50,50.75,41.168968077928824
50,51.0,41.18916810246913
50,51.25,41.20910157293379
50,51.5,41.228772006698485
50,51.75,41.24818287472456
50,52.0,41.26733760217151
50,52.25,41.28623956900131
50,52.5,41.30489211057491
50,52.75,41.32329851824071
50,53.0,41.34146203991538
50,53.25,41.35938588065694
50,53.5,41.37707320323034
50,53.75,41.39452712866554
50,54.0,41.41175073680822
50,54.25,41.42874706686326
50,54.5,41.445519117931
50,54.75,41.46206984953646
50,55.0,41.47840218215159
50,55.25,41.49451899771055
50,55.5,41.51042314011828
50,55.75,41.52611741575233
50,56.0,41.54160459395804
50,56.25,41.556887407537225
50,56.5,41.57196855323037
50,56.75,41.586850692192506
50,57.0,41.60153645046279
50,57.25,41.61602841942785
50,57.5,41.6303291562791
50,57.75,41.644441184463936
50,58.0,41.65836699413103
50,58.25,41.6721090425697
50,58.5,41.68566975464357
50,58.75,41.699051523218394
50,59.0,41.71225670958432
50,59.25,41.725287643872555
50,59.5,41.73814662546651
50,59.75,41.75083592340758
50,60.0,41.76335777679546
100,0.0,20.0
100,0.25,20.356565159773698
100,0.5,20.707612353837483
100,0.75,21.05322697456563
100,1.0,21.39349309285671
100,1.25,21.72849347858388
100,1.5,22.058309620728686
100,1.75,22.3830217472033
100,2.0,22.70270884436598
100,2.25,23.01744867623452
100,2.5,23.32731780340242
100,2.75,23.632391601662253
100,3.0,23.93274428034086
100,3.25,24.2284489003508
100,3.5,24.519577391962464
100,3.75,24.806200572301115
100,4.0,25.088388162573207
100,4.25,25.36620880502607
100,4.5,25.6397300796452
100,4.75,25.9090185205931
100,5.0,26.174139632393725
100,5.25,26.435157905866518
100,5.5,26.6921368338138
100,5.75,26.945138926465447
100,6.0,27.1942257266845
100,6.25,27.439457824937513
100,6.5,27.680894874033207
100,6.75,27.918595603633023
100,7.0,28.152617834537153
100,7.25,28.38301849274948
100,7.5,28.609853623324824
100,7.75,28.833178404001956
100,8.0,29.053047158625585
100,8.25,29.269513370360656
100,8.5,29.48262969470217
100,8.75,29.69244797228363
100,9.0,29.899019241487316
100,9.25,30.10239375085938
100,9.5,30.302620971332843
100,9.75,30.49974960826139
100,10.0,30.693827613267004
100,10.25,30.88490219590418
100,10.5,31.073019835143693
100,10.75,31.258226290678632
100,11.0,31.44056661405544
100,11.25,31.62008515963274
100,11.5,31.796825595370542
100,11.75,31.9708309134525
100,12.0,32.142143440743766
100,12.25,32.31080484908704
100,12.5,32.47685616543923
100,12.75,32.640337781851315
100,13.0,32.80128946529368
100,13.25,32.95975036732949
100,13.5,33.11575903363831
100,13.75,33.26935341339237
100,14.0,33.42057086848768
100,14.25,33.56944818263234
100,14.5,33.71602157029425
100,14.75,33.860326685510195
100,15.0,34.00239863055877
100,15.25,34.14227196449904
100,15.5,34.27998071157696
100,15.75,34.41555836950189
100,16.0,34.549037917594845
100,16.25,34.68045182481077
100,16.5,34.809832057636626
100,16.75,34.937210087867236
100,17.0,35.06261690026082
100,17.25,35.18608300007604
100,17.5,35.30763842049244
100,17.75,35.42731272991601
100,18.0,35.54513503917171
100,18.25,35.66113400858471
100,18.5,35.775337854952
100,18.75,35.887774358406155
100,19.0,35.99847086917287
100,19.25,36.1074543142239
100,19.5,36.21475120382705
100,19.75,36.320387637994834
100,20.0,36.42438931283328
100,20.25,36.52678152679255
100,20.5,36.627589186820785
100,20.75,36.72683681442273
100,21.0,36.8245485516246
100,21.25,36.92074816684664
100,21.5,37.015459060684805
100,21.75,37.108704271602946
100,22.0,37.20050648153695
100,22.25,37.290888021412144
100,22.5,37.37987087657523
100,22.75,37.467476692142334
100,23.0,37.55372677826409
100,23.25,37.638642115309416
100,23.5,37.72224335896895
100,23.75,37.804550845279586
100,24.0,37.885584595571196
100,24.25,37.965364321336864
100,24.5,38.043909429027664
100,24.75,38.12123902477335
100,25.0,38.19737191902987
100,25.25,38.27232663115505
100,25.5,38.34612139391343
100,25.75,38.41877415791138
100,26.0,38.49030259596362
100,26.25,38.560724107392105
100,26.5,38.63005582225844
100,26.75,38.69831460553078
100,27.0,38.76551706118621
100,27.25,38.83167953624969
100,27.5,38.89681812477048
100,27.75,38.96094867173703
100,28.0,39.024086776931235
100,28.25,39.08624779872315
100,28.5,39.14744685780688
100,28.75,39.2076988408787
100,29.0,39.26701840425827
100,29.25,39.32541997745376
100,29.5,39.38291776667187
100,29.75,39.439525758273454
100,30.0,39.49525772217575
100,30.25,39.55012721520188
100,30.5,39.60414758437859
100,30.75,39.657331970182874
100,31.0,39.709693309738455
100,31.25,39.7612443399627
100,31.5,39.81199760066492
100,31.75,39.861965437596616
100,32.0,39.91116000545469
100,32.25,39.959593270837985
100,32.5,40.007277015158216
100,32.75,40.0542228375058
100,33.0,40.10044215747131
100,33.25,40.145946217923346
100,33.5,40.1907460877433
100,33.75,40.23485266451794
100,34.0,40.278276677190185
100,34.25,40.321028688668974
100,34.5,40.363119098398684
100,34.75,40.404558144888775
100,35.0,40.445355908204334
100,35.25,40.485522312418084
100,35.5,40.52506712802434
100,35.75,40.56399997431576
100,36.0,40.602330321723215
100,36.25,40.640067494119464
100,36.5,40.67722067108721
100,36.75,40.71379889015203
100,37.0,40.74981104898074
100,37.25,40.78526590754578
100,37.5,40.820172090256065
100,37.75,40.85453808805491
100,38.0,40.88837226048539
100,38.25,40.921682837723864
100,38.5,40.95447792258194
100,38.75,40.98676549247749
100,39.0,41.01855340137516
100,39.25,41.049849381696866
100,39.5,41.08066104620268
100,39.75,41.11099588984267
100,40.0,41.14086129158001
100,40.25,41.17026451618595
100,40.5,41.19921271600698
100,40.75,41.22771293270459
100,41.0,41.255772098968215
100,41.25,41.283397040201585
100,41.5,41.310594476183006
100,41.75,41.33737102269996
100,42.0,41.36373319315841
100,42.25,41.38968740016714
100,42.5,41.41523995709769
100,42.75,41.44039707962003
100,43.0,41.46516488721455
100,43.25,41.489549404660636
100,43.5,41.51355656350218
100,43.75,41.53719220349044
100,44.0,41.56046207400456
100,44.25,41.58337183545011
100,44.5,41.60592706063598
100,44.75,41.62813323612997
100,45.0,41.64999576359339
100,45.25,41.67151996109504
100,45.5,41.69271106440481
100,45.75,41.71357422826729
100,46.0,41.73411452765567
100,46.25,41.754336959006224
100,46.5,41.774246441433675
100,46.75,41.793847817927826
100,47.0,41.81314585653156
100,47.25,41.8321452515007
100,47.5,41.85085062444588
100,47.75,41.86926652545677
100,48.0,41.88739743420885
100,48.25,41.90524776105313
100,48.5,41.922821848088965
100,48.75,41.940123970220235
100,49.0,41.95715833619527
100,49.25,41.97392908963059
100,49.5,41.99044031001887
100,49.75,42.00669601372125
100,50.0,42.022700154944346
100,50.25,42.038456626702086
100,50.5,42.0539692617627
100,50.75,42.06924183358105
100,51.0,42.08427805721651
100,51.25,42.09908159023665
100,51.5,42.11365603360697
100,51.75,42.12800493256682
100,52.0,42.14213177749175
100,52.25,42.156040004742614
100,52.5,42.1697329975014
100,52.75,42.183214086594226
100,53.0,42.19648655130156
100,53.25,42.209553620155894
100,53.5,42.2224184717271
100,53.75,42.23508423539562
100,54.0,42.24755399211366
100,54.25,42.25983077515467
100,54.5,42.27191757085118
100,54.75,42.2838173193212
100,55.0,42.29553291518345
100,55.25,42.30706720826144
100,55.5,42.31842300427669
100,55.75,42.32960306553126
100,56.0,42.340610111579636
100,56.25,42.351446819890306
100,56.5,42.36211582649702
100,56.75,42.37261972664001
100,57.0,42.38296107539732
100,57.25,42.39314238830627
100,57.5,42.403166141975426
100,57.75,42.41303477468698
100,58.0,42.42275068698989
100,58.25,42.43231624228383
100,58.5,42.44173376739406
100,58.75,42.45100555313743
100,59.0,42.46013385487962
100,59.25,42.4691208930838
100,59.5,42.4779688538507
100,59.75,42.486679889450414
100,60.0,42.49525611884593
